<?xml version="1.0" encoding="UTF-8"?>

<!--********** Copyright 2016 Roku Corp. All Rights Reserved. ********** -->

<component name="MainScene" extends="Scene"
	xmlns:xsi="http://www.w3.org/2001/XMLSchema-instance"
	xsi:noNamespaceSchemaLocation="https://devtools.web.roku.com/schema/RokuSceneGraph.xsd">
	<!-- importing main handler -->

	<interface>
		<field id="showProgressDialog" type="boolean"
			alwaysNotify="true" onChange="onProgressDialogShown" />
		<field id="hideProgressDialog" type="boolean"
			alwaysNotify="true" onChange="onProgressDialogHidden" />

		<field id="showErrorDialog" type="boolean" alwaysNotify="true"
			onChange="onErrorDialogShown" />
		<field id="hideErrorDialog" type="boolean" alwaysNotify="true"
			onChange="onErrorDialogHidden" />

		<field id="errorTitle" type="String" alwaysNotify="true" />
		<field id="errorMessage" type="String" alwaysNotify="true" />

		<field id="exitApp" type="String" alwaysNotify="true" />
	</interface>

	<script type="text/brightscript"
		uri="pkg:/components/MainScene/MainScene.brs" />
	<script type="text/brightscript"
		uri="pkg:/components/MainScene/MainSceneExtension.brs" />
	<script type="text/brightscript"
		uri="pkg:/source/AppUtilities/Utilities.brs" />
	<script type="text/brightscript"
		uri="pkg:/source/Constants/Constants.brs" />
	<script type="text/brightscript"
		uri="pkg:/components/MainScene/ViewModel/MainSceneViewModel.brs" />

	<children>
		<Rectangle id="parentContainer" width="1920" height="1080"
			translation="[0,0]" color="#000000">
		</Rectangle>
	</children>
</component>
